DATAFLOW,REF_AREA:Geographic area,INDICATOR:Indicator,SEX:Sex,TIME_PERIOD:Time period,OBS_VALUE:Observation Value,UNIT_MULTIPLIER:Unit multiplier,UNIT_MEASURE:Unit of measure,OBS_STATUS:Observation Status,OBS_CONF:Observation confidentaility,LOWER_BOUND:Lower Bound,UPPER_BOUND:Upper Bound,WGTD_SAMPL_SIZE:Weighted Sample Size,OBS_FOOTNOTE:Observation footnote,SERIES_FOOTNOTE:Series footnote,DATA_SOURCE:Data Source,SOURCE_LINK:Citation of or link to the data source,CUSTODIAN:Custodian,TIME_PERIOD_METHOD:Time period activity related to when the data are collected,REF_PERIOD:Reference Period,COVERAGE_TIME:The period of time for which data are provided,AGE:Current age
UNICEF:GLOBAL_DATAFLOW(1.0): Cross-sector indicators,KEN: Kenya,CME_MRY0T4: Under-five mortality rate,F: Female,1970,143.382655103696,,"D_PER_1000_B: Deaths per 1,000 live births",A: Normal value,,133.784423933561,153.877839111885,,,,UN_IGME,,,,,,_T: Total
UNICEF:GLOBAL_DATAFLOW(1.0): Cross-sector indicators,KEN: Kenya,CME_MRY0T4: Under-five mortality rate,F: Female,1971,139.994097514768,,"D_PER_1000_B: Deaths per 1,000 live births",A: Normal value,,130.66743959554,150.292205029185,,,,UN_IGME,,,,,,_T: Total
UNICEF:GLOBAL_DATAFLOW(1.0): Cross-sector indicators,KEN: Kenya,CME_MRY0T4: Under-five mortality rate,F: Female,1972,136.478677209442,,"D_PER_1000_B: Deaths per 1,000 live births",A: Normal value,,127.227921831633,146.564598747485,,,,UN_IGME,,,,,,_T: Total
UNICEF:GLOBAL_DATAFLOW(1.0): Cross-sector indicators,KEN: Kenya,CME_MRY0T4: Under-five mortality rate,F: Female,1973,132.748552816244,,"D_PER_1000_B: Deaths per 1,000 live births",A: Normal value,,123.7821719171,142.447329883108,,,,UN_IGME,,,,,,_T: Total
UNICEF:GLOBAL_DATAFLOW(1.0): Cross-sector indicators,KEN: Kenya,CME_MRY0T4: Under-five mortality rate,F: Female,1974,128.841420586019,,"D_PER_1000_B: Deaths per 1,000 live births",A: Normal value,,120.153780268264,138.250399165179,,,,UN_IGME,,,,,,_T: Total
UNICEF:GLOBAL_DATAFLOW(1.0): Cross-sector indicators,KEN: Kenya,CME_MRY0T4: Under-five mortality rate,F: Female,1975,124.796374045362,,"D_PER_1000_B: Deaths per 1,000 live births",A: Normal value,,116.547130110597,133.947680694112,,,,UN_IGME,,,,,,_T: Total
UNICEF:GLOBAL_DATAFLOW(1.0): Cross-sector indicators,KEN: Kenya,CME_MRY0T4: Under-five mortality rate,F: Female,1976,120.63297385041,,"D_PER_1000_B: Deaths per 1,000 live births",A: Normal value,,112.73352648238,129.314690686319,,,,UN_IGME,,,,,,_T: Total
UNICEF:GLOBAL_DATAFLOW(1.0): Cross-sector indicators,KEN: Kenya,CME_MRY0T4: Under-five mortality rate,F: Female,1977,116.412333054202,,"D_PER_1000_B: Deaths per 1,000 live births",A: Normal value,,108.788792776133,124.643294555837,,,,UN_IGME,,,,,,_T: Total
UNICEF:GLOBAL_DATAFLOW(1.0): Cross-sector indicators,KEN: Kenya,CME_MRY0T4: Under-five mortality rate,F: Female,1978,112.186575347385,,"D_PER_1000_B: Deaths per 1,000 live births",A: Normal value,,104.836632713478,119.941876409084,,,,UN_IGME,,,,,,_T: Total
UNICEF:GLOBAL_DATAFLOW(1.0): Cross-sector indicators,KEN: Kenya,CME_MRY0T4: Under-five mortality rate,F: Female,1979,108.119001573625,,"D_PER_1000_B: Deaths per 1,000 live births",A: Normal value,,101.147402899987,115.677260229139,,,,UN_IGME,,,,,,_T: Total
UNICEF:GLOBAL_DATAFLOW(1.0): Cross-sector indicators,KEN: Kenya,CME_MRY0T4: Under-five mortality rate,F: Female,1980,104.361361111011,,"D_PER_1000_B: Deaths per 1,000 live births",A: Normal value,,97.6016098344335,111.497141100013,,,,UN_IGME,,,,,,_T: Total
UNICEF:GLOBAL_DATAFLOW(1.0): Cross-sector indicators,KEN: Kenya,CME_MRY0T4: Under-five mortality rate,F: Female,1981,100.910171564091,,"D_PER_1000_B: Deaths per 1,000 live births",A: Normal value,,94.2569062308772,107.832373898213,,,,UN_IGME,,,,,,_T: Total
UNICEF:GLOBAL_DATAFLOW(1.0): Cross-sector indicators,KEN: Kenya,CME_MRY0T4: Under-five mortality rate,F: Female,1982,97.7957792486038,,"D_PER_1000_B: Deaths per 1,000 live births",A: Normal value,,91.309812433971,104.692829696015,,,,UN_IGME,,,,,,_T: Total
UNICEF:GLOBAL_DATAFLOW(1.0): Cross-sector indicators,KEN: Kenya,CME_MRY0T4: Under-five mortality rate,F: Female,1983,95.1235756710207,,"D_PER_1000_B: Deaths per 1,000 live births",A: Normal value,,88.7123080090955,101.802946280265,,,,UN_IGME,,,,,,_T: Total
UNICEF:GLOBAL_DATAFLOW(1.0): Cross-sector indicators,KEN: Kenya,CME_MRY0T4: Under-five mortality rate,F: Female,1984,92.8818956477863,,"D_PER_1000_B: Deaths per 1,000 live births",A: Normal value,,86.5957904296337,99.4631684024887,,,,UN_IGME,,,,,,_T: Total
UNICEF:GLOBAL_DATAFLOW(1.0): Cross-sector indicators,KEN: Kenya,CME_MRY0T4: Under-five mortality rate,F: Female,1985,91.2997707742228,,"D_PER_1000_B: Deaths per 1,000 live births",A: Normal value,,85.0500620163389,97.8469708438597,,,,UN_IGME,,,,,,_T: Total
UNICEF:GLOBAL_DATAFLOW(1.0): Cross-sector indicators,KEN: Kenya,CME_MRY0T4: Under-five mortality rate,F: Female,1986,90.5597876235353,,"D_PER_1000_B: Deaths per 1,000 live births",A: Normal value,,84.4143691530243,97.1233851559727,,,,UN_IGME,,,,,,_T: Total
UNICEF:GLOBAL_DATAFLOW(1.0): Cross-sector indicators,KEN: Kenya,CME_MRY0T4: Under-five mortality rate,F: Female,1987,90.5738508370194,,"D_PER_1000_B: Deaths per 1,000 live births",A: Normal value,,84.4163145190935,97.0975248954931,,,,UN_IGME,,,,,,_T: Total
UNICEF:GLOBAL_DATAFLOW(1.0): Cross-sector indicators,KEN: Kenya,CME_MRY0T4: Under-five mortality rate,F: Female,1988,91.6022358321427,,"D_PER_1000_B: Deaths per 1,000 live births",A: Normal value,,85.4495764398615,98.0548977053154,,,,UN_IGME,,,,,,_T: Total
UNICEF:GLOBAL_DATAFLOW(1.0): Cross-sector indicators,KEN: Kenya,CME_MRY0T4: Under-five mortality rate,F: Female,1989,93.4659665148112,,"D_PER_1000_B: Deaths per 1,000 live births",A: Normal value,,87.3176258449437,99.9271201404207,,,,UN_IGME,,,,,,_T: Total
UNICEF:GLOBAL_DATAFLOW(1.0): Cross-sector indicators,KEN: Kenya,CME_MRY0T4: Under-five mortality rate,F: Female,1990,96.000156097765,,"D_PER_1000_B: Deaths per 1,000 live births",A: Normal value,,89.6901597475148,102.64480390203,,,,UN_IGME,,,,,,_T: Total
UNICEF:GLOBAL_DATAFLOW(1.0): Cross-sector indicators,KEN: Kenya,CME_MRY0T4: Under-five mortality rate,F: Female,1991,98.7326069240928,,"D_PER_1000_B: Deaths per 1,000 live births",A: Normal value,,92.1858402913411,105.715685702351,,,,UN_IGME,,,,,,_T: Total
UNICEF:GLOBAL_DATAFLOW(1.0): Cross-sector indicators,KEN: Kenya,CME_MRY0T4: Under-five mortality rate,F: Female,1992,101.327760316161,,"D_PER_1000_B: Deaths per 1,000 live births",A: Normal value,,94.653446747303,108.578149455923,,,,UN_IGME,,,,,,_T: Total
UNICEF:GLOBAL_DATAFLOW(1.0): Cross-sector indicators,KEN: Kenya,CME_MRY0T4: Under-five mortality rate,F: Female,1993,103.324736562751,,"D_PER_1000_B: Deaths per 1,000 live births",A: Normal value,,96.5011445103841,110.681415670176,,,,UN_IGME,,,,,,_T: Total
UNICEF:GLOBAL_DATAFLOW(1.0): Cross-sector indicators,KEN: Kenya,CME_MRY0T4: Under-five mortality rate,F: Female,1994,104.416427019332,,"D_PER_1000_B: Deaths per 1,000 live births",A: Normal value,,97.5895588237772,111.863708970399,,,,UN_IGME,,,,,,_T: Total
UNICEF:GLOBAL_DATAFLOW(1.0): Cross-sector indicators,KEN: Kenya,CME_MRY0T4: Under-five mortality rate,F: Female,1995,104.559477394068,,"D_PER_1000_B: Deaths per 1,000 live births",A: Normal value,,97.5655345010992,111.94503830702,,,,UN_IGME,,,,,,_T: Total
UNICEF:GLOBAL_DATAFLOW(1.0): Cross-sector indicators,KEN: Kenya,CME_MRY0T4: Under-five mortality rate,F: Female,1996,103.708897869213,,"D_PER_1000_B: Deaths per 1,000 live births",A: Normal value,,96.6286216884044,111.216069728632,,,,UN_IGME,,,,,,_T: Total
UNICEF:GLOBAL_DATAFLOW(1.0): Cross-sector indicators,KEN: Kenya,CME_MRY0T4: Under-five mortality rate,F: Female,1997,102.147760626741,,"D_PER_1000_B: Deaths per 1,000 live births",A: Normal value,,95.0576753812304,109.732619576495,,,,UN_IGME,,,,,,_T: Total
UNICEF:GLOBAL_DATAFLOW(1.0): Cross-sector indicators,KEN: Kenya,CME_MRY0T4: Under-five mortality rate,F: Female,1998,99.7734541685666,,"D_PER_1000_B: Deaths per 1,000 live births",A: Normal value,,92.7034696428908,107.471705894662,,,,UN_IGME,,,,,,_T: Total
UNICEF:GLOBAL_DATAFLOW(1.0): Cross-sector indicators,KEN: Kenya,CME_MRY0T4: Under-five mortality rate,F: Female,1999,96.6763581338326,,"D_PER_1000_B: Deaths per 1,000 live births",A: Normal value,,89.7491378705218,104.440719160927,,,,UN_IGME,,,,,,_T: Total
UNICEF:GLOBAL_DATAFLOW(1.0): Cross-sector indicators,KEN: Kenya,CME_MRY0T4: Under-five mortality rate,F: Female,2000,92.9477524864036,,"D_PER_1000_B: Deaths per 1,000 live births",A: Normal value,,86.1333709304726,100.601462099963,,,,UN_IGME,,,,,,_T: Total
UNICEF:GLOBAL_DATAFLOW(1.0): Cross-sector indicators,KEN: Kenya,CME_MRY0T4: Under-five mortality rate,F: Female,2001,88.7798535840725,,"D_PER_1000_B: Deaths per 1,000 live births",A: Normal value,,82.083108462489,96.0141238737649,,,,UN_IGME,,,,,,_T: Total
UNICEF:GLOBAL_DATAFLOW(1.0): Cross-sector indicators,KEN: Kenya,CME_MRY0T4: Under-five mortality rate,F: Female,2002,84.3849305493863,,"D_PER_1000_B: Deaths per 1,000 live births",A: Normal value,,77.8602229997322,91.2558389037129,,,,UN_IGME,,,,,,_T: Total
UNICEF:GLOBAL_DATAFLOW(1.0): Cross-sector indicators,KEN: Kenya,CME_MRY0T4: Under-five mortality rate,F: Female,2003,79.9964356933539,,"D_PER_1000_B: Deaths per 1,000 live births",A: Normal value,,73.6422247327364,86.74317955942,,,,UN_IGME,,,,,,_T: Total
UNICEF:GLOBAL_DATAFLOW(1.0): Cross-sector indicators,KEN: Kenya,CME_MRY0T4: Under-five mortality rate,F: Female,2004,75.5527184341572,,"D_PER_1000_B: Deaths per 1,000 live births",A: Normal value,,69.3677471126528,82.2671573294687,,,,UN_IGME,,,,,,_T: Total
UNICEF:GLOBAL_DATAFLOW(1.0): Cross-sector indicators,KEN: Kenya,CME_MRY0T4: Under-five mortality rate,F: Female,2005,70.9613469118738,,"D_PER_1000_B: Deaths per 1,000 live births",A: Normal value,,64.7531606642119,77.6374322108577,,,,UN_IGME,,,,,,_T: Total
UNICEF:GLOBAL_DATAFLOW(1.0): Cross-sector indicators,KEN: Kenya,CME_MRY0T4: Under-five mortality rate,F: Female,2006,66.8239021943362,,"D_PER_1000_B: Deaths per 1,000 live births",A: Normal value,,60.7207539650211,73.3753865630816,,,,UN_IGME,,,,,,_T: Total
UNICEF:GLOBAL_DATAFLOW(1.0): Cross-sector indicators,KEN: Kenya,CME_MRY0T4: Under-five mortality rate,F: Female,2007,62.9360317138716,,"D_PER_1000_B: Deaths per 1,000 live births",A: Normal value,,57.0458271677743,69.3363953786739,,,,UN_IGME,,,,,,_T: Total
UNICEF:GLOBAL_DATAFLOW(1.0): Cross-sector indicators,KEN: Kenya,CME_MRY0T4: Under-five mortality rate,F: Female,2008,58.2503832338409,,"D_PER_1000_B: Deaths per 1,000 live births",A: Normal value,,52.7195324479254,64.2762847265582,,,,UN_IGME,,,,,,_T: Total
UNICEF:GLOBAL_DATAFLOW(1.0): Cross-sector indicators,KEN: Kenya,CME_MRY0T4: Under-five mortality rate,F: Female,2009,54.3031619181241,,"D_PER_1000_B: Deaths per 1,000 live births",A: Normal value,,49.1355546133783,59.9935220740076,,,,UN_IGME,,,,,,_T: Total
UNICEF:GLOBAL_DATAFLOW(1.0): Cross-sector indicators,KEN: Kenya,CME_MRY0T4: Under-five mortality rate,F: Female,2010,51.7378326695117,,"D_PER_1000_B: Deaths per 1,000 live births",A: Normal value,,46.8044238690683,57.2029659499464,,,,UN_IGME,,,,,,_T: Total
UNICEF:GLOBAL_DATAFLOW(1.0): Cross-sector indicators,KEN: Kenya,CME_MRY0T4: Under-five mortality rate,F: Female,2011,49.7588506746363,,"D_PER_1000_B: Deaths per 1,000 live births",A: Normal value,,44.8847211716899,55.0246103522392,,,,UN_IGME,,,,,,_T: Total
UNICEF:GLOBAL_DATAFLOW(1.0): Cross-sector indicators,KEN: Kenya,CME_MRY0T4: Under-five mortality rate,F: Female,2012,48.0527422508753,,"D_PER_1000_B: Deaths per 1,000 live births",A: Normal value,,43.2183453571635,53.2613202449139,,,,UN_IGME,,,,,,_T: Total
UNICEF:GLOBAL_DATAFLOW(1.0): Cross-sector indicators,KEN: Kenya,CME_MRY0T4: Under-five mortality rate,F: Female,2013,45.9846187255079,,"D_PER_1000_B: Deaths per 1,000 live births",A: Normal value,,41.2923047022709,51.2235059767273,,,,UN_IGME,,,,,,_T: Total
UNICEF:GLOBAL_DATAFLOW(1.0): Cross-sector indicators,KEN: Kenya,CME_MRY0T4: Under-five mortality rate,F: Female,2014,44.1013756823149,,"D_PER_1000_B: Deaths per 1,000 live births",A: Normal value,,39.4280591407321,49.3406179573369,,,,UN_IGME,,,,,,_T: Total
UNICEF:GLOBAL_DATAFLOW(1.0): Cross-sector indicators,KEN: Kenya,CME_MRY0T4: Under-five mortality rate,F: Female,2015,42.0108713969817,,"D_PER_1000_B: Deaths per 1,000 live births",A: Normal value,,37.3397803876907,47.2434015390691,,,,UN_IGME,,,,,,_T: Total
UNICEF:GLOBAL_DATAFLOW(1.0): Cross-sector indicators,KEN: Kenya,CME_MRY0T4: Under-five mortality rate,F: Female,2016,40.0822687478653,,"D_PER_1000_B: Deaths per 1,000 live births",A: Normal value,,35.2079049428746,45.4825478274259,,,,UN_IGME,,,,,,_T: Total
UNICEF:GLOBAL_DATAFLOW(1.0): Cross-sector indicators,KEN: Kenya,CME_MRY0T4: Under-five mortality rate,F: Female,2017,38.7205917565925,,"D_PER_1000_B: Deaths per 1,000 live births",A: Normal value,,33.6051876332534,44.3371683904724,,,,UN_IGME,,,,,,_T: Total
UNICEF:GLOBAL_DATAFLOW(1.0): Cross-sector indicators,KEN: Kenya,CME_MRY0T4: Under-five mortality rate,F: Female,2018,37.1716156621465,,"D_PER_1000_B: Deaths per 1,000 live births",A: Normal value,,31.8524223262158,43.2231499729028,,,,UN_IGME,,,,,,_T: Total
UNICEF:GLOBAL_DATAFLOW(1.0): Cross-sector indicators,KEN: Kenya,CME_MRY0T4: Under-five mortality rate,F: Female,2019,35.8856933209338,,"D_PER_1000_B: Deaths per 1,000 live births",A: Normal value,,30.1685255578369,42.4161094176306,,,,UN_IGME,,,,,,_T: Total
UNICEF:GLOBAL_DATAFLOW(1.0): Cross-sector indicators,KEN: Kenya,CME_MRY0T4: Under-five mortality rate,F: Female,2020,35.0852752956956,,"D_PER_1000_B: Deaths per 1,000 live births",A: Normal value,,28.9087821444706,42.4894347753362,,,,UN_IGME,,,,,,_T: Total
UNICEF:GLOBAL_DATAFLOW(1.0): Cross-sector indicators,KEN: Kenya,CME_MRY0T4: Under-five mortality rate,F: Female,2021,33.7103829695864,,"D_PER_1000_B: Deaths per 1,000 live births",A: Normal value,,27.1428850436727,41.7899240961964,,,,UN_IGME,,,,,,_T: Total
UNICEF:GLOBAL_DATAFLOW(1.0): Cross-sector indicators,KEN: Kenya,CME_MRY0T4: Under-five mortality rate,M: Male,1970,157.099424089148,,"D_PER_1000_B: Deaths per 1,000 live births",A: Normal value,,146.672296809261,168.251187540957,,,,UN_IGME,,,,,,_T: Total
UNICEF:GLOBAL_DATAFLOW(1.0): Cross-sector indicators,KEN: Kenya,CME_MRY0T4: Under-five mortality rate,M: Male,1971,153.508946598827,,"D_PER_1000_B: Deaths per 1,000 live births",A: Normal value,,143.336201788234,164.412267188147,,,,UN_IGME,,,,,,_T: Total
UNICEF:GLOBAL_DATAFLOW(1.0): Cross-sector indicators,KEN: Kenya,CME_MRY0T4: Under-five mortality rate,M: Male,1972,149.855114328695,,"D_PER_1000_B: Deaths per 1,000 live births",A: Normal value,,139.851787584611,160.544101983595,,,,UN_IGME,,,,,,_T: Total
UNICEF:GLOBAL_DATAFLOW(1.0): Cross-sector indicators,KEN: Kenya,CME_MRY0T4: Under-five mortality rate,M: Male,1973,145.964373580766,,"D_PER_1000_B: Deaths per 1,000 live births",A: Normal value,,136.279348323519,156.460777974891,,,,UN_IGME,,,,,,_T: Total
UNICEF:GLOBAL_DATAFLOW(1.0): Cross-sector indicators,KEN: Kenya,CME_MRY0T4: Under-five mortality rate,M: Male,1974,141.862487215914,,"D_PER_1000_B: Deaths per 1,000 live births",A: Normal value,,132.412958709499,152.082542370219,,,,UN_IGME,,,,,,_T: Total
UNICEF:GLOBAL_DATAFLOW(1.0): Cross-sector indicators,KEN: Kenya,CME_MRY0T4: Under-five mortality rate,M: Male,1975,137.627425048763,,"D_PER_1000_B: Deaths per 1,000 live births",A: Normal value,,128.568392941962,147.368499202482,,,,UN_IGME,,,,,,_T: Total
UNICEF:GLOBAL_DATAFLOW(1.0): Cross-sector indicators,KEN: Kenya,CME_MRY0T4: Under-five mortality rate,M: Male,1976,133.234896203082,,"D_PER_1000_B: Deaths per 1,000 live births",A: Normal value,,124.640972202707,142.640379212954,,,,UN_IGME,,,,,,_T: Total
UNICEF:GLOBAL_DATAFLOW(1.0): Cross-sector indicators,KEN: Kenya,CME_MRY0T4: Under-five mortality rate,M: Male,1977,128.894275019311,,"D_PER_1000_B: Deaths per 1,000 live births",A: Normal value,,120.638534374241,137.794838133749,,,,UN_IGME,,,,,,_T: Total
UNICEF:GLOBAL_DATAFLOW(1.0): Cross-sector indicators,KEN: Kenya,CME_MRY0T4: Under-five mortality rate,M: Male,1978,124.534139947343,,"D_PER_1000_B: Deaths per 1,000 live births",A: Normal value,,116.681330089064,133.116525011226,,,,UN_IGME,,,,,,_T: Total
UNICEF:GLOBAL_DATAFLOW(1.0): Cross-sector indicators,KEN: Kenya,CME_MRY0T4: Under-five mortality rate,M: Male,1979,120.370997279296,,"D_PER_1000_B: Deaths per 1,000 live births",A: Normal value,,112.667283365601,128.504624718015,,,,UN_IGME,,,,,,_T: Total
UNICEF:GLOBAL_DATAFLOW(1.0): Cross-sector indicators,KEN: Kenya,CME_MRY0T4: Under-five mortality rate,M: Male,1980,116.647253307665,,"D_PER_1000_B: Deaths per 1,000 live births",A: Normal value,,109.221833720124,124.532345108953,,,,UN_IGME,,,,,,_T: Total
UNICEF:GLOBAL_DATAFLOW(1.0): Cross-sector indicators,KEN: Kenya,CME_MRY0T4: Under-five mortality rate,M: Male,1981,113.110615112961,,"D_PER_1000_B: Deaths per 1,000 live births",A: Normal value,,105.711529078808,120.802832260483,,,,UN_IGME,,,,,,_T: Total
UNICEF:GLOBAL_DATAFLOW(1.0): Cross-sector indicators,KEN: Kenya,CME_MRY0T4: Under-five mortality rate,M: Male,1982,109.842024936597,,"D_PER_1000_B: Deaths per 1,000 live births",A: Normal value,,102.562728340193,117.480256057658,,,,UN_IGME,,,,,,_T: Total
UNICEF:GLOBAL_DATAFLOW(1.0): Cross-sector indicators,KEN: Kenya,CME_MRY0T4: Under-five mortality rate,M: Male,1983,107.105854753985,,"D_PER_1000_B: Deaths per 1,000 live births",A: Normal value,,99.8485470253604,114.662702929146,,,,UN_IGME,,,,,,_T: Total
UNICEF:GLOBAL_DATAFLOW(1.0): Cross-sector indicators,KEN: Kenya,CME_MRY0T4: Under-five mortality rate,M: Male,1984,104.81585032276,,"D_PER_1000_B: Deaths per 1,000 live births",A: Normal value,,97.7931687030828,112.254305710598,,,,UN_IGME,,,,,,_T: Total
UNICEF:GLOBAL_DATAFLOW(1.0): Cross-sector indicators,KEN: Kenya,CME_MRY0T4: Under-five mortality rate,M: Male,1985,103.221462024013,,"D_PER_1000_B: Deaths per 1,000 live births",A: Normal value,,96.3965964924467,110.542855334101,,,,UN_IGME,,,,,,_T: Total
UNICEF:GLOBAL_DATAFLOW(1.0): Cross-sector indicators,KEN: Kenya,CME_MRY0T4: Under-five mortality rate,M: Male,1986,102.362311685092,,"D_PER_1000_B: Deaths per 1,000 live births",A: Normal value,,95.4955298584431,109.62911340766,,,,UN_IGME,,,,,,_T: Total
UNICEF:GLOBAL_DATAFLOW(1.0): Cross-sector indicators,KEN: Kenya,CME_MRY0T4: Under-five mortality rate,M: Male,1987,102.444566426754,,"D_PER_1000_B: Deaths per 1,000 live births",A: Normal value,,95.5888408473288,109.628613798997,,,,UN_IGME,,,,,,_T: Total
UNICEF:GLOBAL_DATAFLOW(1.0): Cross-sector indicators,KEN: Kenya,CME_MRY0T4: Under-five mortality rate,M: Male,1988,103.300030000502,,"D_PER_1000_B: Deaths per 1,000 live births",A: Normal value,,96.590413658709,110.468936968299,,,,UN_IGME,,,,,,_T: Total
UNICEF:GLOBAL_DATAFLOW(1.0): Cross-sector indicators,KEN: Kenya,CME_MRY0T4: Under-five mortality rate,M: Male,1989,105.13087185124,,"D_PER_1000_B: Deaths per 1,000 live births",A: Normal value,,98.4029538043297,112.339401087095,,,,UN_IGME,,,,,,_T: Total
UNICEF:GLOBAL_DATAFLOW(1.0): Cross-sector indicators,KEN: Kenya,CME_MRY0T4: Under-five mortality rate,M: Male,1990,107.688748560122,,"D_PER_1000_B: Deaths per 1,000 live births",A: Normal value,,100.770958436037,114.984129476735,,,,UN_IGME,,,,,,_T: Total
UNICEF:GLOBAL_DATAFLOW(1.0): Cross-sector indicators,KEN: Kenya,CME_MRY0T4: Under-five mortality rate,M: Male,1991,110.743645451819,,"D_PER_1000_B: Deaths per 1,000 live births",A: Normal value,,103.71078979348,118.333070230036,,,,UN_IGME,,,,,,_T: Total
UNICEF:GLOBAL_DATAFLOW(1.0): Cross-sector indicators,KEN: Kenya,CME_MRY0T4: Under-five mortality rate,M: Male,1992,113.605334130424,,"D_PER_1000_B: Deaths per 1,000 live births",A: Normal value,,106.355510357885,121.610078915181,,,,UN_IGME,,,,,,_T: Total
UNICEF:GLOBAL_DATAFLOW(1.0): Cross-sector indicators,KEN: Kenya,CME_MRY0T4: Under-five mortality rate,M: Male,1993,115.773257957799,,"D_PER_1000_B: Deaths per 1,000 live births",A: Normal value,,108.315626535318,123.954564593852,,,,UN_IGME,,,,,,_T: Total
UNICEF:GLOBAL_DATAFLOW(1.0): Cross-sector indicators,KEN: Kenya,CME_MRY0T4: Under-five mortality rate,M: Male,1994,116.882653295475,,"D_PER_1000_B: Deaths per 1,000 live births",A: Normal value,,109.228230434025,125.137960570173,,,,UN_IGME,,,,,,_T: Total
UNICEF:GLOBAL_DATAFLOW(1.0): Cross-sector indicators,KEN: Kenya,CME_MRY0T4: Under-five mortality rate,M: Male,1995,116.91168563468,,"D_PER_1000_B: Deaths per 1,000 live births",A: Normal value,,109.245136189462,125.146351392729,,,,UN_IGME,,,,,,_T: Total
UNICEF:GLOBAL_DATAFLOW(1.0): Cross-sector indicators,KEN: Kenya,CME_MRY0T4: Under-five mortality rate,M: Male,1996,116.114486389958,,"D_PER_1000_B: Deaths per 1,000 live births",A: Normal value,,108.351598869703,124.386829067187,,,,UN_IGME,,,,,,_T: Total
UNICEF:GLOBAL_DATAFLOW(1.0): Cross-sector indicators,KEN: Kenya,CME_MRY0T4: Under-five mortality rate,M: Male,1997,114.345343500681,,"D_PER_1000_B: Deaths per 1,000 live births",A: Normal value,,106.546487506058,122.743790726146,,,,UN_IGME,,,,,,_T: Total
UNICEF:GLOBAL_DATAFLOW(1.0): Cross-sector indicators,KEN: Kenya,CME_MRY0T4: Under-five mortality rate,M: Male,1998,111.747072827764,,"D_PER_1000_B: Deaths per 1,000 live births",A: Normal value,,103.909967028647,120.164439675181,,,,UN_IGME,,,,,,_T: Total
UNICEF:GLOBAL_DATAFLOW(1.0): Cross-sector indicators,KEN: Kenya,CME_MRY0T4: Under-five mortality rate,M: Male,1999,108.409228677272,,"D_PER_1000_B: Deaths per 1,000 live births",A: Normal value,,100.695148055221,116.834311608112,,,,UN_IGME,,,,,,_T: Total
UNICEF:GLOBAL_DATAFLOW(1.0): Cross-sector indicators,KEN: Kenya,CME_MRY0T4: Under-five mortality rate,M: Male,2000,104.425517451266,,"D_PER_1000_B: Deaths per 1,000 live births",A: Normal value,,96.8991992500587,112.700805955578,,,,UN_IGME,,,,,,_T: Total
UNICEF:GLOBAL_DATAFLOW(1.0): Cross-sector indicators,KEN: Kenya,CME_MRY0T4: Under-five mortality rate,M: Male,2001,99.8850039983848,,"D_PER_1000_B: Deaths per 1,000 live births",A: Normal value,,92.5799145581608,107.903603277849,,,,UN_IGME,,,,,,_T: Total
UNICEF:GLOBAL_DATAFLOW(1.0): Cross-sector indicators,KEN: Kenya,CME_MRY0T4: Under-five mortality rate,M: Male,2002,95.2147244652851,,"D_PER_1000_B: Deaths per 1,000 live births",A: Normal value,,88.0342056875615,102.83225778921,,,,UN_IGME,,,,,,_T: Total
UNICEF:GLOBAL_DATAFLOW(1.0): Cross-sector indicators,KEN: Kenya,CME_MRY0T4: Under-five mortality rate,M: Male,2003,90.4444704210325,,"D_PER_1000_B: Deaths per 1,000 live births",A: Normal value,,83.4258034496412,97.9492745052852,,,,UN_IGME,,,,,,_T: Total
UNICEF:GLOBAL_DATAFLOW(1.0): Cross-sector indicators,KEN: Kenya,CME_MRY0T4: Under-five mortality rate,M: Male,2004,85.6958704877533,,"D_PER_1000_B: Deaths per 1,000 live births",A: Normal value,,78.7571692673841,93.3713486693893,,,,UN_IGME,,,,,,_T: Total
UNICEF:GLOBAL_DATAFLOW(1.0): Cross-sector indicators,KEN: Kenya,CME_MRY0T4: Under-five mortality rate,M: Male,2005,80.7400819859245,,"D_PER_1000_B: Deaths per 1,000 live births",A: Normal value,,73.6933198839637,88.240959942151,,,,UN_IGME,,,,,,_T: Total
UNICEF:GLOBAL_DATAFLOW(1.0): Cross-sector indicators,KEN: Kenya,CME_MRY0T4: Under-five mortality rate,M: Male,2006,76.2767538823939,,"D_PER_1000_B: Deaths per 1,000 live births",A: Normal value,,69.3726004164004,83.6579010891249,,,,UN_IGME,,,,,,_T: Total
UNICEF:GLOBAL_DATAFLOW(1.0): Cross-sector indicators,KEN: Kenya,CME_MRY0T4: Under-five mortality rate,M: Male,2007,71.9860818579265,,"D_PER_1000_B: Deaths per 1,000 live births",A: Normal value,,65.2814130848199,79.2899080424746,,,,UN_IGME,,,,,,_T: Total
UNICEF:GLOBAL_DATAFLOW(1.0): Cross-sector indicators,KEN: Kenya,CME_MRY0T4: Under-five mortality rate,M: Male,2008,66.9460493238612,,"D_PER_1000_B: Deaths per 1,000 live births",A: Normal value,,60.6665940301486,73.7935684193983,,,,UN_IGME,,,,,,_T: Total
UNICEF:GLOBAL_DATAFLOW(1.0): Cross-sector indicators,KEN: Kenya,CME_MRY0T4: Under-five mortality rate,M: Male,2009,62.8757596261962,,"D_PER_1000_B: Deaths per 1,000 live births",A: Normal value,,56.9249248412018,69.2889263334879,,,,UN_IGME,,,,,,_T: Total
UNICEF:GLOBAL_DATAFLOW(1.0): Cross-sector indicators,KEN: Kenya,CME_MRY0T4: Under-five mortality rate,M: Male,2010,60.2020598539618,,"D_PER_1000_B: Deaths per 1,000 live births",A: Normal value,,54.3819334098282,66.4231155092457,,,,UN_IGME,,,,,,_T: Total
UNICEF:GLOBAL_DATAFLOW(1.0): Cross-sector indicators,KEN: Kenya,CME_MRY0T4: Under-five mortality rate,M: Male,2011,57.9640435044085,,"D_PER_1000_B: Deaths per 1,000 live births",A: Normal value,,52.2915129592705,64.1199314010079,,,,UN_IGME,,,,,,_T: Total
UNICEF:GLOBAL_DATAFLOW(1.0): Cross-sector indicators,KEN: Kenya,CME_MRY0T4: Under-five mortality rate,M: Male,2012,56.1812737696252,,"D_PER_1000_B: Deaths per 1,000 live births",A: Normal value,,50.6287022752563,62.2946774058242,,,,UN_IGME,,,,,,_T: Total
UNICEF:GLOBAL_DATAFLOW(1.0): Cross-sector indicators,KEN: Kenya,CME_MRY0T4: Under-five mortality rate,M: Male,2013,53.9380105970425,,"D_PER_1000_B: Deaths per 1,000 live births",A: Normal value,,48.5335467837419,59.9883777518017,,,,UN_IGME,,,,,,_T: Total
UNICEF:GLOBAL_DATAFLOW(1.0): Cross-sector indicators,KEN: Kenya,CME_MRY0T4: Under-five mortality rate,M: Male,2014,51.8267849124947,,"D_PER_1000_B: Deaths per 1,000 live births",A: Normal value,,46.4296010606547,57.9264024050777,,,,UN_IGME,,,,,,_T: Total
UNICEF:GLOBAL_DATAFLOW(1.0): Cross-sector indicators,KEN: Kenya,CME_MRY0T4: Under-five mortality rate,M: Male,2015,49.521060625102,,"D_PER_1000_B: Deaths per 1,000 live births",A: Normal value,,44.1371386042622,55.539667513612,,,,UN_IGME,,,,,,_T: Total
UNICEF:GLOBAL_DATAFLOW(1.0): Cross-sector indicators,KEN: Kenya,CME_MRY0T4: Under-five mortality rate,M: Male,2016,47.4203171692167,,"D_PER_1000_B: Deaths per 1,000 live births",A: Normal value,,41.9456935977205,53.6068581452444,,,,UN_IGME,,,,,,_T: Total
UNICEF:GLOBAL_DATAFLOW(1.0): Cross-sector indicators,KEN: Kenya,CME_MRY0T4: Under-five mortality rate,M: Male,2017,45.9425456186928,,"D_PER_1000_B: Deaths per 1,000 live births",A: Normal value,,40.2789513340444,52.4969006753233,,,,UN_IGME,,,,,,_T: Total
UNICEF:GLOBAL_DATAFLOW(1.0): Cross-sector indicators,KEN: Kenya,CME_MRY0T4: Under-five mortality rate,M: Male,2018,44.2344806994046,,"D_PER_1000_B: Deaths per 1,000 live births",A: Normal value,,38.1116856391731,51.3746403370151,,,,UN_IGME,,,,,,_T: Total
UNICEF:GLOBAL_DATAFLOW(1.0): Cross-sector indicators,KEN: Kenya,CME_MRY0T4: Under-five mortality rate,M: Male,2019,42.8620042511917,,"D_PER_1000_B: Deaths per 1,000 live births",A: Normal value,,36.3100245782286,50.6634328364304,,,,UN_IGME,,,,,,_T: Total
UNICEF:GLOBAL_DATAFLOW(1.0): Cross-sector indicators,KEN: Kenya,CME_MRY0T4: Under-five mortality rate,M: Male,2020,41.9083799842857,,"D_PER_1000_B: Deaths per 1,000 live births",A: Normal value,,34.6911880870447,50.7317377553061,,,,UN_IGME,,,,,,_T: Total
UNICEF:GLOBAL_DATAFLOW(1.0): Cross-sector indicators,KEN: Kenya,CME_MRY0T4: Under-five mortality rate,M: Male,2021,40.4330182941552,,"D_PER_1000_B: Deaths per 1,000 live births",A: Normal value,,32.6894048867389,50.1273916901444,,,,UN_IGME,,,,,,_T: Total
UNICEF:GLOBAL_DATAFLOW(1.0): Cross-sector indicators,KEN: Kenya,CME_MRY0T4: Under-five mortality rate,_T: Total,1970,150.481565615137,,"D_PER_1000_B: Deaths per 1,000 live births",A: Normal value,,140.883998239756,160.670072866487,,,,UN_IGME,,,,,,_T: Total
UNICEF:GLOBAL_DATAFLOW(1.0): Cross-sector indicators,KEN: Kenya,CME_MRY0T4: Under-five mortality rate,_T: Total,1971,147.027008589021,,"D_PER_1000_B: Deaths per 1,000 live births",A: Normal value,,137.668588770295,156.970909178493,,,,UN_IGME,,,,,,_T: Total
UNICEF:GLOBAL_DATAFLOW(1.0): Cross-sector indicators,KEN: Kenya,CME_MRY0T4: Under-five mortality rate,_T: Total,1972,143.322017950423,,"D_PER_1000_B: Deaths per 1,000 live births",A: Normal value,,134.168884496962,153.17231840633,,,,UN_IGME,,,,,,_T: Total
UNICEF:GLOBAL_DATAFLOW(1.0): Cross-sector indicators,KEN: Kenya,CME_MRY0T4: Under-five mortality rate,_T: Total,1973,139.504131249119,,"D_PER_1000_B: Deaths per 1,000 live births",A: Normal value,,130.520663195506,149.091775696601,,,,UN_IGME,,,,,,_T: Total
UNICEF:GLOBAL_DATAFLOW(1.0): Cross-sector indicators,KEN: Kenya,CME_MRY0T4: Under-five mortality rate,_T: Total,1974,135.553184946723,,"D_PER_1000_B: Deaths per 1,000 live births",A: Normal value,,126.815894493612,144.828474730609,,,,UN_IGME,,,,,,_T: Total
UNICEF:GLOBAL_DATAFLOW(1.0): Cross-sector indicators,KEN: Kenya,CME_MRY0T4: Under-five mortality rate,_T: Total,1975,131.387301506899,,"D_PER_1000_B: Deaths per 1,000 live births",A: Normal value,,123.098340480639,140.418617133333,,,,UN_IGME,,,,,,_T: Total
UNICEF:GLOBAL_DATAFLOW(1.0): Cross-sector indicators,KEN: Kenya,CME_MRY0T4: Under-five mortality rate,_T: Total,1976,127.086375629504,,"D_PER_1000_B: Deaths per 1,000 live births",A: Normal value,,119.245384709598,135.71991366909,,,,UN_IGME,,,,,,_T: Total
UNICEF:GLOBAL_DATAFLOW(1.0): Cross-sector indicators,KEN: Kenya,CME_MRY0T4: Under-five mortality rate,_T: Total,1977,122.794256251526,,"D_PER_1000_B: Deaths per 1,000 live births",A: Normal value,,115.171562938059,130.945157747601,,,,UN_IGME,,,,,,_T: Total
UNICEF:GLOBAL_DATAFLOW(1.0): Cross-sector indicators,KEN: Kenya,CME_MRY0T4: Under-five mortality rate,_T: Total,1978,118.530361654127,,"D_PER_1000_B: Deaths per 1,000 live births",A: Normal value,,111.249815469546,126.286705984944,,,,UN_IGME,,,,,,_T: Total
UNICEF:GLOBAL_DATAFLOW(1.0): Cross-sector indicators,KEN: Kenya,CME_MRY0T4: Under-five mortality rate,_T: Total,1979,114.418640565606,,"D_PER_1000_B: Deaths per 1,000 live births",A: Normal value,,107.372862996311,121.889274207404,,,,UN_IGME,,,,,,_T: Total
UNICEF:GLOBAL_DATAFLOW(1.0): Cross-sector indicators,KEN: Kenya,CME_MRY0T4: Under-five mortality rate,_T: Total,1980,110.676408954766,,"D_PER_1000_B: Deaths per 1,000 live births",A: Normal value,,103.80623816383,117.874360182577,,,,UN_IGME,,,,,,_T: Total
UNICEF:GLOBAL_DATAFLOW(1.0): Cross-sector indicators,KEN: Kenya,CME_MRY0T4: Under-five mortality rate,_T: Total,1981,107.133997147392,,"D_PER_1000_B: Deaths per 1,000 live births",A: Normal value,,100.39598296779,114.099328449303,,,,UN_IGME,,,,,,_T: Total
UNICEF:GLOBAL_DATAFLOW(1.0): Cross-sector indicators,KEN: Kenya,CME_MRY0T4: Under-five mortality rate,_T: Total,1982,103.995731015028,,"D_PER_1000_B: Deaths per 1,000 live births",A: Normal value,,97.311832655856,110.862199074386,,,,UN_IGME,,,,,,_T: Total
UNICEF:GLOBAL_DATAFLOW(1.0): Cross-sector indicators,KEN: Kenya,CME_MRY0T4: Under-five mortality rate,_T: Total,1983,101.231757000981,,"D_PER_1000_B: Deaths per 1,000 live births",A: Normal value,,94.7160666657835,108.115994213453,,,,UN_IGME,,,,,,_T: Total
UNICEF:GLOBAL_DATAFLOW(1.0): Cross-sector indicators,KEN: Kenya,CME_MRY0T4: Under-five mortality rate,_T: Total,1984,99.058154618502,,"D_PER_1000_B: Deaths per 1,000 live births",A: Normal value,,92.6117787207988,105.779401250539,,,,UN_IGME,,,,,,_T: Total
UNICEF:GLOBAL_DATAFLOW(1.0): Cross-sector indicators,KEN: Kenya,CME_MRY0T4: Under-five mortality rate,_T: Total,1985,97.4534205333724,,"D_PER_1000_B: Deaths per 1,000 live births",A: Normal value,,91.1154406023747,104.10723623611,,,,UN_IGME,,,,,,_T: Total
UNICEF:GLOBAL_DATAFLOW(1.0): Cross-sector indicators,KEN: Kenya,CME_MRY0T4: Under-five mortality rate,_T: Total,1986,96.6165929407323,,"D_PER_1000_B: Deaths per 1,000 live births",A: Normal value,,90.3909124259647,103.256303655707,,,,UN_IGME,,,,,,_T: Total
UNICEF:GLOBAL_DATAFLOW(1.0): Cross-sector indicators,KEN: Kenya,CME_MRY0T4: Under-five mortality rate,_T: Total,1987,96.660752399904,,"D_PER_1000_B: Deaths per 1,000 live births",A: Normal value,,90.4577949987074,103.247091452295,,,,UN_IGME,,,,,,_T: Total
UNICEF:GLOBAL_DATAFLOW(1.0): Cross-sector indicators,KEN: Kenya,CME_MRY0T4: Under-five mortality rate,_T: Total,1988,97.6173510992317,,"D_PER_1000_B: Deaths per 1,000 live births",A: Normal value,,91.4445587811416,104.118922786973,,,,UN_IGME,,,,,,_T: Total
UNICEF:GLOBAL_DATAFLOW(1.0): Cross-sector indicators,KEN: Kenya,CME_MRY0T4: Under-five mortality rate,_T: Total,1989,99.4423188002473,,"D_PER_1000_B: Deaths per 1,000 live births",A: Normal value,,93.2514339142567,105.994398555616,,,,UN_IGME,,,,,,_T: Total
UNICEF:GLOBAL_DATAFLOW(1.0): Cross-sector indicators,KEN: Kenya,CME_MRY0T4: Under-five mortality rate,_T: Total,1990,101.971605402327,,"D_PER_1000_B: Deaths per 1,000 live births",A: Normal value,,95.6434210100678,108.616302048085,,,,UN_IGME,,,,,,_T: Total
UNICEF:GLOBAL_DATAFLOW(1.0): Cross-sector indicators,KEN: Kenya,CME_MRY0T4: Under-five mortality rate,_T: Total,1991,104.860342307899,,"D_PER_1000_B: Deaths per 1,000 live births",A: Normal value,,98.4072875375693,111.837521276241,,,,UN_IGME,,,,,,_T: Total
UNICEF:GLOBAL_DATAFLOW(1.0): Cross-sector indicators,KEN: Kenya,CME_MRY0T4: Under-five mortality rate,_T: Total,1992,107.625145366911,,"D_PER_1000_B: Deaths per 1,000 live births",A: Normal value,,101.002913175989,114.881112434682,,,,UN_IGME,,,,,,_T: Total
UNICEF:GLOBAL_DATAFLOW(1.0): Cross-sector indicators,KEN: Kenya,CME_MRY0T4: Under-five mortality rate,_T: Total,1993,109.710578389892,,"D_PER_1000_B: Deaths per 1,000 live births",A: Normal value,,102.928268057613,117.0670033148,,,,UN_IGME,,,,,,_T: Total
UNICEF:GLOBAL_DATAFLOW(1.0): Cross-sector indicators,KEN: Kenya,CME_MRY0T4: Under-five mortality rate,_T: Total,1994,110.792877971366,,"D_PER_1000_B: Deaths per 1,000 live births",A: Normal value,,103.888970378417,118.35095380954,,,,UN_IGME,,,,,,_T: Total
UNICEF:GLOBAL_DATAFLOW(1.0): Cross-sector indicators,KEN: Kenya,CME_MRY0T4: Under-five mortality rate,_T: Total,1995,110.900920207071,,"D_PER_1000_B: Deaths per 1,000 live births",A: Normal value,,103.801938815831,118.462542614638,,,,UN_IGME,,,,,,_T: Total
UNICEF:GLOBAL_DATAFLOW(1.0): Cross-sector indicators,KEN: Kenya,CME_MRY0T4: Under-five mortality rate,_T: Total,1996,110.032264748541,,"D_PER_1000_B: Deaths per 1,000 live births",A: Normal value,,102.933053617071,117.673199256148,,,,UN_IGME,,,,,,_T: Total
UNICEF:GLOBAL_DATAFLOW(1.0): Cross-sector indicators,KEN: Kenya,CME_MRY0T4: Under-five mortality rate,_T: Total,1997,108.374983381713,,"D_PER_1000_B: Deaths per 1,000 live births",A: Normal value,,101.198590204187,116.117313271723,,,,UN_IGME,,,,,,_T: Total
UNICEF:GLOBAL_DATAFLOW(1.0): Cross-sector indicators,KEN: Kenya,CME_MRY0T4: Under-five mortality rate,_T: Total,1998,105.88296577823,,"D_PER_1000_B: Deaths per 1,000 live births",A: Normal value,,98.7280934003135,113.671781209129,,,,UN_IGME,,,,,,_T: Total
UNICEF:GLOBAL_DATAFLOW(1.0): Cross-sector indicators,KEN: Kenya,CME_MRY0T4: Under-five mortality rate,_T: Total,1999,102.68276172397,,"D_PER_1000_B: Deaths per 1,000 live births",A: Normal value,,95.5948795449326,110.494958707389,,,,UN_IGME,,,,,,_T: Total
UNICEF:GLOBAL_DATAFLOW(1.0): Cross-sector indicators,KEN: Kenya,CME_MRY0T4: Under-five mortality rate,_T: Total,2000,98.8240019763826,,"D_PER_1000_B: Deaths per 1,000 live births",A: Normal value,,91.8689482190394,106.488567461225,,,,UN_IGME,,,,,,_T: Total
UNICEF:GLOBAL_DATAFLOW(1.0): Cross-sector indicators,KEN: Kenya,CME_MRY0T4: Under-five mortality rate,_T: Total,2001,94.4665111343159,,"D_PER_1000_B: Deaths per 1,000 live births",A: Normal value,,87.7170455035739,101.821198247866,,,,UN_IGME,,,,,,_T: Total
UNICEF:GLOBAL_DATAFLOW(1.0): Cross-sector indicators,KEN: Kenya,CME_MRY0T4: Under-five mortality rate,_T: Total,2002,89.8992530154295,,"D_PER_1000_B: Deaths per 1,000 live births",A: Normal value,,83.3195910526176,96.9254737781997,,,,UN_IGME,,,,,,_T: Total
UNICEF:GLOBAL_DATAFLOW(1.0): Cross-sector indicators,KEN: Kenya,CME_MRY0T4: Under-five mortality rate,_T: Total,2003,85.3037658566688,,"D_PER_1000_B: Deaths per 1,000 live births",A: Normal value,,78.8798224255921,92.212097683436,,,,UN_IGME,,,,,,_T: Total
UNICEF:GLOBAL_DATAFLOW(1.0): Cross-sector indicators,KEN: Kenya,CME_MRY0T4: Under-five mortality rate,_T: Total,2004,80.7934954138517,,"D_PER_1000_B: Deaths per 1,000 live births",A: Normal value,,74.4477735270537,87.7437475445591,,,,UN_IGME,,,,,,_T: Total
UNICEF:GLOBAL_DATAFLOW(1.0): Cross-sector indicators,KEN: Kenya,CME_MRY0T4: Under-five mortality rate,_T: Total,2005,75.9864028472603,,"D_PER_1000_B: Deaths per 1,000 live births",A: Normal value,,69.5546816609495,82.8185973202936,,,,UN_IGME,,,,,,_T: Total
UNICEF:GLOBAL_DATAFLOW(1.0): Cross-sector indicators,KEN: Kenya,CME_MRY0T4: Under-five mortality rate,_T: Total,2006,71.6359281142831,,"D_PER_1000_B: Deaths per 1,000 live births",A: Normal value,,65.3357167542711,78.3599282345251,,,,UN_IGME,,,,,,_T: Total
UNICEF:GLOBAL_DATAFLOW(1.0): Cross-sector indicators,KEN: Kenya,CME_MRY0T4: Under-five mortality rate,_T: Total,2007,67.5608724808509,,"D_PER_1000_B: Deaths per 1,000 live births",A: Normal value,,61.4358806841206,74.1433456853304,,,,UN_IGME,,,,,,_T: Total
UNICEF:GLOBAL_DATAFLOW(1.0): Cross-sector indicators,KEN: Kenya,CME_MRY0T4: Under-five mortality rate,_T: Total,2008,62.7013280502058,,"D_PER_1000_B: Deaths per 1,000 live births",A: Normal value,,56.9350075252632,68.9265670409623,,,,UN_IGME,,,,,,_T: Total
UNICEF:GLOBAL_DATAFLOW(1.0): Cross-sector indicators,KEN: Kenya,CME_MRY0T4: Under-five mortality rate,_T: Total,2009,58.6795986710792,,"D_PER_1000_B: Deaths per 1,000 live births",A: Normal value,,53.2185873633331,64.603723694454,,,,UN_IGME,,,,,,_T: Total
UNICEF:GLOBAL_DATAFLOW(1.0): Cross-sector indicators,KEN: Kenya,CME_MRY0T4: Under-five mortality rate,_T: Total,2010,56.0698858296868,,"D_PER_1000_B: Deaths per 1,000 live births",A: Normal value,,50.8835020345765,61.7864759938588,,,,UN_IGME,,,,,,_T: Total
UNICEF:GLOBAL_DATAFLOW(1.0): Cross-sector indicators,KEN: Kenya,CME_MRY0T4: Under-five mortality rate,_T: Total,2011,53.9236370305379,,"D_PER_1000_B: Deaths per 1,000 live births",A: Normal value,,48.8563162044855,59.4479741109393,,,,UN_IGME,,,,,,_T: Total
UNICEF:GLOBAL_DATAFLOW(1.0): Cross-sector indicators,KEN: Kenya,CME_MRY0T4: Under-five mortality rate,_T: Total,2012,52.2338310937177,,"D_PER_1000_B: Deaths per 1,000 live births",A: Normal value,,47.1817955341484,57.6972534929031,,,,UN_IGME,,,,,,_T: Total
UNICEF:GLOBAL_DATAFLOW(1.0): Cross-sector indicators,KEN: Kenya,CME_MRY0T4: Under-five mortality rate,_T: Total,2013,50.0652479246098,,"D_PER_1000_B: Deaths per 1,000 live births",A: Normal value,,45.1962387783664,55.5434526786882,,,,UN_IGME,,,,,,_T: Total
UNICEF:GLOBAL_DATAFLOW(1.0): Cross-sector indicators,KEN: Kenya,CME_MRY0T4: Under-five mortality rate,_T: Total,2014,48.0515614204658,,"D_PER_1000_B: Deaths per 1,000 live births",A: Normal value,,43.1584067729842,53.473242429468,,,,UN_IGME,,,,,,_T: Total
UNICEF:GLOBAL_DATAFLOW(1.0): Cross-sector indicators,KEN: Kenya,CME_MRY0T4: Under-five mortality rate,_T: Total,2015,45.862313747058,,"D_PER_1000_B: Deaths per 1,000 live births",A: Normal value,,40.9768768693515,51.3385285447537,,,,UN_IGME,,,,,,_T: Total
UNICEF:GLOBAL_DATAFLOW(1.0): Cross-sector indicators,KEN: Kenya,CME_MRY0T4: Under-five mortality rate,_T: Total,2016,43.840666636266,,"D_PER_1000_B: Deaths per 1,000 live births",A: Normal value,,38.7896748479104,49.4037158241711,,,,UN_IGME,,,,,,_T: Total
UNICEF:GLOBAL_DATAFLOW(1.0): Cross-sector indicators,KEN: Kenya,CME_MRY0T4: Under-five mortality rate,_T: Total,2017,42.4082434242103,,"D_PER_1000_B: Deaths per 1,000 live births",A: Normal value,,37.1726168819425,48.349664086593,,,,UN_IGME,,,,,,_T: Total
UNICEF:GLOBAL_DATAFLOW(1.0): Cross-sector indicators,KEN: Kenya,CME_MRY0T4: Under-five mortality rate,_T: Total,2018,40.8318328156623,,"D_PER_1000_B: Deaths per 1,000 live births",A: Normal value,,35.2166629136541,47.1266368773315,,,,UN_IGME,,,,,,_T: Total
UNICEF:GLOBAL_DATAFLOW(1.0): Cross-sector indicators,KEN: Kenya,CME_MRY0T4: Under-five mortality rate,_T: Total,2019,39.437915152397,,"D_PER_1000_B: Deaths per 1,000 live births",A: Normal value,,33.3940493184353,46.5365506727608,,,,UN_IGME,,,,,,_T: Total
UNICEF:GLOBAL_DATAFLOW(1.0): Cross-sector indicators,KEN: Kenya,CME_MRY0T4: Under-five mortality rate,_T: Total,2020,38.5726246132045,,"D_PER_1000_B: Deaths per 1,000 live births",A: Normal value,,32.002748632515,46.5648165093376,,,,UN_IGME,,,,,,_T: Total
UNICEF:GLOBAL_DATAFLOW(1.0): Cross-sector indicators,KEN: Kenya,CME_MRY0T4: Under-five mortality rate,_T: Total,2021,37.1526224018215,,"D_PER_1000_B: Deaths per 1,000 live births",A: Normal value,,30.0691434576193,45.9494799102417,,,,UN_IGME,,,,,,_T: Total
